91901,7.318,4.718e+05,81379,213
91902,5.731,5.177e+05,88926,126
91903,5.88,0,0,1
91905,6.4938,2.76e+05,63722,8
91906,5.6727,1.797e+05,58353,9
91909,3.4333,0,0,6
91910,6.3905,3.483e+05,54640,117
91911,14.715,3.001e+05,48891,80
91913,4.7643,4.003e+05,84741,67
91914,6.9713,4.733e+05,1.1034e+05,56
91915,5.9375,3.759e+05,99606,39
91916,6.0933,2.594e+05,61296,13
91917,4.9567,1.821e+05,66932,3
91931,6.9,13900,24032,1
91932,3.462,3.426e+05,48117,58
91934,9.6,1.461e+05,45625,1
91935,7.9237,5.043e+05,93092,130
91941,5.6911,4.977e+05,71661,247
91942,4.2438,3.576e+05,52354,75
91944,6.58,0,0,1
91945,4.5327,2.951e+05,52376,68
91948,1.44,0,0,1
91950,3.4824,2.749e+05,39533,37
91962,4.8997,3.472e+05,1.004e+05,6
91963,7.0288,1.306e+05,39622,5
91977,4.7384,3.067e+05,60124,151
91978,4.6045,3.454e+05,66483,32
92003,9.0123,5.579e+05,69205,51
92004,5.6869,1.869e+05,36500,47
92007,5.0126,8.047e+05,93889,45
92008,5.0725,6.099e+05,66000,87
92009,5.5499,6.643e+05,1.0221e+05,224
92010,4.7045,5.067e+05,95806,47
92011,5.7121,6.728e+05,1.0203e+05,91
92014,5.9858,1e+06,1.1478e+05,102
92019,6.365,4.141e+05,74797,237
92020,6.3878,4.049e+05,49851,178
92021,6.4459,3.009e+05,50035,247
92023,7.5413,0,0,6
92024,6.0379,7.088e+05,92402,261
92025,6.6746,4.071e+05,45433,222
92026,6.2377,3.677e+05,53820,229
92027,5.7131,3.202e+05,53473,201
92028,7.0164,4.275e+05,57223,392
92029,6.5359,4.802e+05,68108,229
92036,4.7907,2.936e+05,51667,26
92037,6.3033,1e+06,95306,207
92040,5.8077,3.401e+05,64787,252
92049,13.34,0,0,1
92054,4.7118,4.064e+05,50568,57
92055,26.29,0,48147,3
92056,7.8514,3.557e+05,63728,105
92057,4.3592,3.469e+05,64976,142
92058,3.6821,2.789e+05,46655,15
92059,6.8082,3.022e+05,66417,20
92061,8.2213,3.302e+05,68333,22
92064,7.3849,5.022e+05,96297,543
92065,6.6156,3.852e+05,77361,432
92066,3.28,4.2e+05,43295,2
92067,11.205,1e+06,1.1994e+05,87
92069,5.8993,3.768e+05,52457,104
92070,7.3769,3.586e+05,43333,8
92071,7.1212,3.363e+05,74393,227
92075,5.3902,9.635e+05,90833,82
92078,6.4661,3.846e+05,55530,140
92081,7.3198,3.92e+05,54565,83
92082,7.8476,4.428e+05,79348,264
92083,5.1206,2.955e+05,46073,50
92084,6.2457,3.947e+05,50401,220
92086,7.0076,1.476e+05,33375,9
92091,11.678,9.562e+05,94318,5
92101,9.2275,4.359e+05,52314,50
92102,3.1848,2.913e+05,41575,40
92103,4.6397,5.614e+05,65793,98
92104,4.6981,4.619e+05,48733,92
92105,4.0958,2.742e+05,36893,164
92106,5.1466,8.381e+05,81973,79
92107,4.7551,6.667e+05,66825,66
92108,7.2006,2.824e+05,65297,17
92109,4.2437,6.853e+05,67025,186
92110,4.8453,4.846e+05,60920,64
92111,5.7733,3.955e+05,55635,93
92112,4.72,0,0,2
92113,14.154,2.411e+05,28185,32
92114,3.837,2.826e+05,57287,121
92115,5.4362,3.663e+05,42828,119
92116,4.801,4.711e+05,54966,96
92117,4.4386,4.619e+05,65319,200
92118,5.5914,1e+06,90876,77
92119,4.7657,4.339e+05,70261,99
92120,5.2383,4.657e+05,79895,203
92121,14.283,5.924e+05,1.036e+05,38
92122,4.7603,5.936e+05,71307,114
92123,5.1548,4.068e+05,71911,87
92124,4.7856,5.272e+05,80625,112
92126,4.1884,3.986e+05,85707,137
92127,6.0314,6.373e+05,1.2346e+05,195
92128,4.9218,5.138e+05,90298,188
92129,4.6319,5.835e+05,1.0927e+05,287
92130,5.8198,8.456e+05,1.3117e+05,273
92131,5.6862,6.38e+05,1.1992e+05,262
92139,4.0725,2.815e+05,59679,20
92154,4.4591,2.772e+05,60162,75
92173,3.2634,2.601e+05,35745,9
92177,2.475,0,0,1
92182,49,0,0,2
92199,2.3,0,0,1
92536,8.0832,1.606e+05,44010,10
92607,7.5075,0,0,2
92624,3.9981,6.807e+05,71469,11
92629,5.4093,7.195e+05,88384,36
92637,5.5469,2.008e+05,36737,22
92650,1.584,0,0,1
92651,5.4776,1e+06,98697,111
92653,6.1739,5.924e+05,92806,139
92672,4.4958,7.218e+05,75411,64
92673,4.8415,7.314e+05,1.2563e+05,99
92675,5.5143,4.975e+05,72465,90
92677,7.8932,6.689e+05,98264,156
92679,5.6691,7.394e+05,1.4954e+05,237
92688,6.9463,4.914e+05,1.0069e+05,130
92691,4.9946,5.458e+05,93713,240
92692,5.1523,5.787e+05,1.0204e+05,154
92694,8.0695,6.468e+05,1.3712e+05,59
90001,5.5867,2.418e+05,34050,3
90002,3.0526,2.188e+05,30214,23
90022,3.2832,2.963e+05,39051,53
90023,3.0406,2.949e+05,37082,8
90044,5.52,2.704e+05,28344,1
90059,3.4083,2.241e+05,33678,41
90061,3.64,2.538e+05,34566,4
90063,3.2727,2.804e+05,39206,30
90201,3.63,2.763e+05,37013,6
90220,8.4967,2.211e+05,45474,12
90221,5.71,2.395e+05,42753,10
90222,4.1467,2.297e+05,40056,10
90242,4.8893,3.809e+05,57095,30
90250,5.8624,4.002e+05,45766,33
90262,2.6338,2.784e+05,42057,26
90280,3.3152,2.972e+05,43526,17
90301,4.1396,2.804e+05,37813,9
90302,4.855,3.152e+05,41187,9
90505,7.0561,6.942e+05,82313,58
90604,4.6549,3.698e+05,65640,49
90630,4.4896,4.983e+05,84051,183
90680,5.4829,2.964e+05,47796,17
90723,2.8675,2.539e+05,43784,8
90805,3.8234,2.879e+05,45197,45
90806,3.8773,3.58e+05,43785,21
90807,4.581,4.874e+05,72276,107
90808,4.4872,5.086e+05,96824,164
90810,3.0723,3.067e+05,49087,11
90813,3.3603,3.008e+05,31215,16
90815,4.7876,5.117e+05,79525,171
91010,4.7778,3.561e+05,60118,47
91016,5.6787,5.13e+05,72168,69
91360,7.7617,5.572e+05,91617,233
91701,6.009,3.677e+05,76994,207
91710,12.665,3.385e+05,71825,199
91730,5.117,2.899e+05,61952,75
91732,5.6205,3.474e+05,41485,22
91739,6.1618,4.546e+05,1.0005e+05,259
91744,4.965,2.94e+05,57789,31
91745,5.4836,4.678e+05,76447,130
91752,6.043,3.001e+05,62372,114
91755,4.3265,4.716e+05,52517,22
91762,7.9242,2.526e+05,50707,45
91764,21.534,2.325e+05,51060,26
91766,5.1582,2.639e+05,48896,57
91770,7.1918,4.247e+05,47078,35
91786,5.9553,3.343e+05,51105,61
92211,6.603,3.41e+05,57557,202
92223,5.4575,2.112e+05,64738,180
92225,24.325,1.218e+05,43638,73
92230,5.219,72100,40079,5
92234,6.2559,1.801e+05,43170,295
92240,5.7272,1.21e+05,35315,167
92260,10.294,2.834e+05,50309,256
92262,7.7868,2.791e+05,46519,286
92282,7.2632,1.028e+05,34063,5
92307,6.2087,1.758e+05,57124,286
92311,6.9496,99100,45889,76
92345,5.7536,1.456e+05,42323,187
92346,5.809,2.373e+05,59995,253
92354,6.4615,2.763e+05,63871,104
92373,6.7915,3.685e+05,63948,265
92374,6.0694,2.477e+05,66590,169
92399,5.8794,2.251e+05,59302,374
92404,5.4342,1.603e+05,38767,84
92407,5.1237,1.924e+05,51702,106
92410,16.783,83100,27120,10
92411,4.5617,1.138e+05,32747,6
92501,4.5183,1.883e+05,48610,6
92504,7.2028,2.269e+05,57052,116
92508,6.4829,3.371e+05,92684,59
92509,5.3129,2.131e+05,57286,207
92530,5.8945,1.859e+05,49552,152
92532,5.5345,2.469e+05,87361,97
92543,6.3555,78500,27163,47
92544,6.2275,1.411e+05,42084,231
92545,5.5146,1.459e+05,40119,88
92548,7.0239,88700,39464,22
92551,38.664,1.704e+05,50449,35
92555,5.1255,2.37e+05,73352,102
92557,5.2907,2.038e+05,60655,127
92562,7.6348,3.029e+05,75448,550
92563,5.5895,2.839e+05,77105,304
92567,5.4722,2.13e+05,55069,41
92570,10.004,1.695e+05,42698,131
92571,5.3956,1.677e+05,51116,39
92582,5.8529,1.577e+05,58262,65
92583,5.8377,1.23e+05,39528,79
92584,5.8637,2.575e+05,75928,266
92585,5.7309,1.989e+05,63413,104
92586,4.6308,1.378e+05,36394,66
92587,7.433,2.702e+05,68620,187
92591,14.888,3.047e+05,70380,151
92592,6.524,3.332e+05,89541,503
92595,5.9667,2.302e+05,61525,171
92596,5.8418,2.787e+05,85914,170
92606,4.0392,6.627e+05,90228,38
92627,4.444,5.57e+05,57708,67
92648,5.1655,7.593e+05,85857,75
92701,5.4863,3.13e+05,39060,20
92703,3.1308,3.024e+05,50047,13
92704,25.507,3.434e+05,59412,29
92707,4.6066,3.184e+05,57038,22
92821,4.8409,5.16e+05,80163,124
92832,4.4802,4.171e+05,58853,41
92870,4.9438,5.123e+05,80037,206
92879,11.193,2.682e+05,62677,72
92880,5.5606,3.903e+05,1.013e+05,265
92881,6.1741,3.761e+05,94196,217
92882,5.0565,3.376e+05,71793,188
92883,5.6841,3.437e+05,93917,201
93001,4.6655,4.185e+05,54945,59
93004,4.7772,4.118e+05,76027,63
93015,6.4694,3.066e+05,56567,29
93021,5.9692,5.369e+05,99537,155
93023,6.4895,5.245e+05,64843,185
93030,4.5015,3.532e+05,57860,126
93033,4.8882,2.724e+05,55210,17
93036,4.3947,3.591e+05,65701,31
93040,2.8658,2.055e+05,45877,60
93060,6.637,3.165e+05,54782,28
93202,5.8506,1.075e+05,38733,8
93204,7.2627,1.151e+05,29302,9
93212,8.2152,1.151e+05,34565,17
93219,4.625,1.157e+05,23458,1
93221,6.5612,1.876e+05,48470,106
93223,7.404,1.055e+05,32273,10
93227,3.6423,0,0,48
93230,11.446,1.736e+05,53008,263
93234,24.63,1.188e+05,29304,3
93245,7.3954,1.972e+05,51280,147
93247,5.7849,1.437e+05,34505,79
93257,6.011,1.478e+05,39551,237
93263,5.8669,1.396e+05,40833,66
93267,7.6873,1.478e+05,33162,21
93270,6.9756,1.591e+05,27807,16
93272,4.835,1.218e+05,34505,4
93274,6.3297,1.599e+05,45591,237
93277,9.2645,1.691e+05,51056,184
93280,7.2523,1.231e+05,39206,26
93286,5.4507,1.382e+05,41579,33
93291,6.9608,2.113e+05,50833,267
93292,6.7917,1.694e+05,51341,170
93301,6.9438,1.11e+05,30963,24
93307,6.4344,1.07e+05,34358,67
93405,4.8502,5.663e+05,41488,111
93420,5.3983,5.208e+05,66506,238
93428,4.4079,6.287e+05,63514,16
93434,2.6407,1.959e+05,45191,14
93440,4.6884,3.642e+05,63112,15
93444,4.5129,3.915e+05,61379,128
93445,2.655,2.517e+05,50000,13
93446,8.4684,3.619e+05,64974,245
93451,6.2784,2.726e+05,54205,49
93465,6.1339,4.729e+05,83194,120
93550,6.9408,1.41e+05,38502,73
93552,6.4322,1.61e+05,56738,63
93555,6.0314,1.77e+05,62533,186
93610,8.5465,1.509e+05,39051,41
93611,6.4034,2.553e+05,77930,529
93612,5.0899,1.472e+05,37207,108
93614,6.2497,2.135e+05,50858,101
93616,7.3237,2e+05,31250,7
93618,7.5281,1.501e+05,38269,49
93622,5.6158,1.075e+05,32125,21
93625,6.6382,2.329e+05,42250,25
93630,6.1467,1.82e+05,42303,43
93631,7.8615,2.332e+05,58381,97
93635,5.6175,1.526e+05,45056,55
93636,8.0487,2.592e+05,75160,165
93638,7.8333,1.368e+05,36890,109
93640,5.6887,1.066e+05,25741,4
93647,6.6041,1.36e+05,32898,13
93650,6.7927,45000,31818,25
93654,6.5159,1.707e+05,47882,74
93657,7.126,1.789e+05,49785,136
93660,2.81,1.066e+05,26223,3
93701,3.2713,99700,18553,8
93702,3.7716,91000,26031,21
93703,4.6596,1.043e+05,28406,18
93704,6.142,2.024e+05,48461,100
93705,5.5196,1.269e+05,32635,40
93706,4.5867,1.174e+05,29197,150
93710,6.578,1.823e+05,42844,114
93711,7.576,3.026e+05,63934,334
93722,5.6271,1.757e+05,54381,280
93724,4.18,0,0,1
93725,5.9118,1.36e+05,35635,58
93726,5.5221,1.351e+05,32471,67
93727,6.742,1.893e+05,46394,257
93728,6.1404,1.139e+05,32658,13
93905,5.0338,2.186e+05,42807,11
93906,8.7086,2.574e+05,55082,18
93926,4.78,2.051e+05,51044,4
93927,3.2597,1.838e+05,52233,64
93930,6.2624,1.903e+05,42454,19
93940,5.3533,6.318e+05,67716,79
93960,3.8734,2.057e+05,47098,19
94014,4.7056,5.342e+05,71668,16
94025,4.4323,1e+06,1.191e+05,194
94061,4.2971,7.995e+05,81907,113
94107,3.9744,7.478e+05,1.2061e+05,97
94108,8.2233,8.606e+05,36875,3
94110,3.0368,7.871e+05,84488,276
94124,3.4743,4.743e+05,49594,173
94134,2.1246,5.557e+05,60230,94
94303,2.8685,1e+06,89464,17
94509,5.5075,2.118e+05,54372,221
94510,4.8446,4.251e+05,89500,100
94520,8.0858,2.619e+05,47656,44
94525,6.33,3.579e+05,81667,7
94530,3.7181,5.875e+05,87598,95
94538,5.7585,4.951e+05,87652,58
94550,6.0762,5.719e+05,1.0295e+05,469
94551,5.1647,4.518e+05,98321,165
94558,7.8294,4.594e+05,72720,357
94559,6.205,4.202e+05,58363,76
94561,5.8017,2.492e+05,77706,149
94564,4.9244,3.465e+05,74283,36
94565,5.9684,2.174e+05,55865,125
94566,6.2356,8.083e+05,1.204e+05,399
94568,4.8826,5.755e+05,1.1362e+05,134
94585,4.8337,2.156e+05,70721,29
94588,8.178,6.641e+05,1.2768e+05,189
94589,3.9359,1.809e+05,56154,16
94591,6.4705,2.643e+05,73870,66
94599,13.276,5.941e+05,66136,10
94601,3.331,2.623e+05,39601,41
94603,2.255,2.068e+05,40962,16
94605,4.2377,3.702e+05,57610,61
94606,3.0057,3.372e+05,37288,14
94607,6.2668,3.475e+05,34192,53
94608,7.8866,3.613e+05,55959,34
94609,3.2865,5.175e+05,56378,45
94619,4.6731,4.575e+05,78676,75
94621,8.0787,1.807e+05,30528,24
94801,3.6267,1.652e+05,38856,74
94804,8.4932,2.28e+05,49541,86
94805,3.0051,2.989e+05,66079,40
94806,46.547,2.37e+05,52173,25
94947,5.0528,5.674e+05,81879,106
94949,6.6678,5.438e+05,74009,72
94954,6.391,4.203e+05,81980,102
94965,6.011,9.296e+05,89715,50
95002,3.0243,4.212e+05,73333,7
95008,5.3796,6.746e+05,88987,203
95012,2.9608,2.444e+05,52015,72
95020,6.2801,4.854e+05,82748,238
95023,5.706,3.531e+05,69678,149
95037,6.3049,6.146e+05,95435,363
95062,4.2038,5.669e+05,62253,169
95073,9.3177,6.034e+05,80133,96
95076,6.7143,3.745e+05,56671,177
95110,5.8388,4.07e+05,68693,24
95111,4.3,3.414e+05,57047,53
95112,4.5561,4.323e+05,49454,72
95116,3.8819,3.352e+05,47413,23
95118,7.361,6.253e+05,90984,153
95122,4.3209,3.476e+05,57470,51
95123,5.4434,5.316e+05,90881,290
95127,5.7758,4.344e+05,70692,132
95128,4.6908,5.863e+05,70096,91
95136,5.6911,5.249e+05,87500,140
95206,5.0981,1.348e+05,42404,19
95301,8.0623,1.633e+05,48488,137
95334,5.8704,1.775e+05,50740,12
95340,8.4686,1.671e+05,49688,118
95365,2.47,1.024e+05,32319,3
95388,10.216,1.143e+05,42677,39
95401,5.3185,3.276e+05,52813,185
95407,14.445,2.874e+05,53652,55
95422,4.1869,90400,25934,25
95423,4.5889,1.583e+05,27379,14
95439,6.1456,5.109e+05,73542,9
95449,6.0937,3.616e+05,37321,16
95451,5.2715,1.949e+05,45392,46
95452,7.9839,6.192e+05,78114,38
95453,6.5887,1.959e+05,45299,74
95454,8.9164,3.431e+05,36196,11
95457,4.4714,1.719e+05,42829,7
95461,5.2024,2.856e+05,52143,22
95468,3.4985,3.868e+05,44412,15
95472,6.1761,6.159e+05,68804,436
95482,4.6309,2.86e+05,45953,56
95485,5.2306,1.685e+05,29708,27
95501,3.9041,2.473e+05,38175,14
95503,3.2296,2.683e+05,48681,19
95519,3.9612,3.012e+05,50051,33
95524,3.7983,4.287e+05,69760,14
95540,3.5287,2.607e+05,42655,11
95547,5.1525,3.167e+05,56081,4
95551,4.495,2.474e+05,45729,2
95556,5,2.06e+05,48839,1
95616,4.5993,5.383e+05,45332,303
95677,5.3057,2.986e+05,69583,206
95688,5.7238,3.578e+05,81860,231
95694,6.8325,2.893e+05,58517,63
95776,4.3727,2.574e+05,63750,71
95926,5.4482,2.671e+05,37296,142
95927,4.1075,0,0,2
95928,6.9579,3.023e+05,45906,195
95945,5.4128,3.111e+05,42778,139
95951,5.1063,1.683e+05,37500,23
95959,6.1565,3.858e+05,58913,138
95961,4.8162,1.634e+05,46441,53
95963,6.1698,2.241e+05,39485,74
95965,8.4635,1.513e+05,35220,83
95966,6.4886,1.591e+05,40775,89
95973,6.682,2.677e+05,56541,293
95988,7.711,2.099e+05,48443,49
95991,6.1427,1.616e+05,43165,78
95993,7.956,2.269e+05,64034,163
96003,5.5967,2.242e+05,46497,101
96007,5.8772,1.757e+05,38907,55
96021,6.092,1.408e+05,39756,40
96080,7.3359,1.704e+05,39288,120
90049,18.33,1e+06,1.1673e+05,1
93110,6.6583,7.071e+05,75915,77
93203,3.5623,1.01e+05,35429,15
93206,7.1475,1.588e+05,41488,2
93210,6.0922,1.558e+05,50290,18
93220,3.5,0,0,1
93241,3.15,83700,31886,1
93242,8.1861,1.735e+05,40109,16
93249,7.12,1.075e+05,33011,2
93250,4.9875,1.198e+05,34961,8
93252,5.76,64000,31771,1
93254,8.4,1.039e+05,32750,1
93266,9.4017,1.038e+05,24122,3
93268,6.1702,1.248e+05,46615,31
93304,4.6655,98700,35150,45
93305,4.8769,1.063e+05,29812,33
93306,6.5769,1.498e+05,52203,230
93308,6.7685,1.678e+05,41737,203
93309,6.6413,1.581e+05,47369,182
93311,6.7845,2.423e+05,87720,321
93312,6.5912,2.406e+05,93588,554
93313,6.2922,1.737e+05,64803,161
93314,7.5198,2.94e+05,96446,421
93401,7.1929,5.559e+05,52906,199
93402,4.0423,3.76e+05,57241,78
93422,5.5998,3.874e+05,66014,139
93423,4.5,0,0,1
93424,4.1475,5.782e+05,77679,2
93426,9.4954,3.686e+05,57014,13
93427,9.91,4.361e+05,62969,4
93430,5.2421,6.434e+05,52329,19
93432,7.13,3.79e+05,53571,20
93433,4.4872,3.874e+05,49418,18
93435,9.72,0,0,1
93436,7.3421,2.485e+05,54980,29
93441,5.4523,8.253e+05,95625,16
93442,4.2775,4.715e+05,52579,31
93447,6.615,0,0,2
93449,4.9834,5.852e+05,67500,19
93453,5.383,3.419e+05,51520,10
93454,16.122,2.695e+05,52564,40
93455,5.2108,3.258e+05,72212,51
93458,4.476,2.176e+05,43803,5
93460,7.8471,7.468e+05,91737,77
93461,7.2243,1.743e+05,59738,7
93463,6.4881,7.466e+05,66771,40
93464,6.71,0,0,2
93601,5.7635,2.838e+05,61466,16
93602,7.0636,2.204e+05,59125,27
93603,8.245,4.247e+05,51250,3
93607,1.4,0,0,1
93609,10.985,2.159e+05,43322,16
93615,7.8375,1.313e+05,25327,2
93619,7.9416,3.621e+05,1.0456e+05,634
93620,9.0762,1.137e+05,34869,8
93621,3.36,3.8e+05,31544,1
93624,10.002,98300,33600,3
93626,8.8315,3.697e+05,26958,14
93637,7.5244,1.617e+05,49121,99
93641,4.2,87500,42222,1
93643,6.9724,2.64e+05,48617,16
93644,6.9135,2.468e+05,44223,27
93645,4.8417,3.19e+05,93529,3
93646,8.795,1.202e+05,27914,3
93648,9.7333,1.152e+05,32175,6
93651,6.9024,3.05e+05,90179,22
93652,10.2,1.375e+05,22917,1
93653,7.6728,2.729e+05,46121,9
93656,6.7688,1.614e+05,45485,12
93662,7.2902,1.652e+05,43442,58
93666,4.95,67700,24276,1
93667,5.8052,2.741e+05,53385,11
93668,12.45,1.747e+05,38665,4
93675,5.6821,1.539e+05,63105,10
93707,6.86,0,0,1
93712,8.28,0,0,1
93720,7.7201,2.66e+05,77092,370
93721,12.42,1.153e+05,11922,1
93723,7.627,2.834e+05,69055,69
93730,7.6792,3.675e+05,1.2067e+05,170
93737,8.7336,0,0,22
93901,5.9176,3.425e+05,49491,25
93907,5.3054,3.496e+05,68078,51
93908,6.3074,6.005e+05,1.1383e+05,82
93920,4.6867,1e+06,57670,3
93921,3.3458,1e+06,62230,12
93923,6.2557,8.963e+05,98219,77
93924,7.1359,7.771e+05,92137,73
93925,12.67,2.795e+05,60000,2
93932,6.13,4.122e+05,94712,8
93933,4.1998,3.583e+05,53955,26
93950,3.1958,6.739e+05,70230,23
93953,5.3818,9.059e+05,1.024e+05,10
93955,3.9357,3.442e+05,52420,21
93962,5.565,5.098e+05,80288,2
94002,4.4119,9.092e+05,1.0598e+05,82
94005,4.0298,6.097e+05,80233,5
94010,6.1571,1e+06,1.1812e+05,187
94015,4.2301,5.818e+05,78564,17
94018,4.383,0,0,28
94019,4.9016,7.35e+05,1.0338e+05,55
94020,7.6214,7.305e+05,92356,15
94021,14.49,9.286e+05,93810,1
94022,7.0607,1e+06,1.8275e+05,331
94024,5.7289,1e+06,1.6755e+05,287
94027,9.2797,1e+06,2.3691e+05,88
94028,7.5298,1e+06,1.8017e+05,112
94030,4.6016,9.151e+05,92006,43
94035,4.3225,0,0,8
94037,7.0397,7.705e+05,1.4757e+05,17
94038,4.0215,6.498e+05,81622,17
94039,49,0,0,1
94040,4.4065,1e+06,1.0191e+05,201
94041,3.6674,8.607e+05,88810,75
94043,8.1577,6.751e+05,1.0084e+05,56
94044,3.9077,6.141e+05,96719,81
94060,9.5318,7.5e+05,60089,8
94062,7.0902,1e+06,1.2656e+05,251
94063,5.4838,4.742e+05,54003,18
94065,4.5491,8.691e+05,1.3246e+05,9
94066,6.2681,6.02e+05,81369,45
94070,4.6039,9.424e+05,1.2534e+05,177
94080,4.3085,5.899e+05,78378,45
94085,4.633,5.175e+05,92489,28
94086,4.3562,6.88e+05,1.0022e+05,90
94087,4.4103,9.487e+05,1.2235e+05,296
94089,5.736,1.695e+05,88797,10
94102,14.672,5.793e+05,24127,6
94103,16.275,6.367e+05,41612,52
94104,1.15,1e+06,80341,1
94109,2.9081,7.485e+05,63173,93
94111,8.84,9.089e+05,1.0347e+05,2
94112,2.2405,6.127e+05,71505,181
94114,2.8642,1e+06,1.2297e+05,234
94115,4.871,9.79e+05,85330,60
94116,2.9032,7.632e+05,84828,94
94117,3.0098,9.384e+05,1.0333e+05,127
94118,4.5026,1e+06,82993,87
94121,3.008,8.642e+05,70220,62
94122,2.8025,7.974e+05,86070,127
94123,3.8727,1e+06,1.212e+05,47
94126,4.83,0,0,1
94127,3.4847,9.388e+05,1.3111e+05,111
94129,16.275,1e+06,1.4489e+05,2
94131,2.8233,8.731e+05,1.0011e+05,176
94132,2.716,7.471e+05,66607,41
94133,4.8654,9.539e+05,53150,17
94304,17.325,1e+06,1.0193e+05,1
94305,6.3899,1e+06,51976,41
94401,3.8169,5.731e+05,72279,29
94402,5.7258,1e+06,1.1581e+05,76
94403,6.1227,7.903e+05,95189,88
94404,6.3621,8.104e+05,1.1478e+05,62
94503,5.8142,3.156e+05,81918,40
94505,5.981,3.857e+05,1.1183e+05,110
94506,6.6791,9.59e+05,1.7624e+05,163
94507,8.0236,1e+06,1.6322e+05,195
94508,7.3562,5.462e+05,72411,22
94511,5.7896,1.879e+05,36845,5
94512,4.515,0,64583,1
94513,6.9788,3.691e+05,89607,349
94514,8.1199,3.309e+05,51992,28
94515,10.173,4.633e+05,62182,49
94517,5.5309,5.841e+05,1.2137e+05,118
94518,11.075,4.363e+05,73040,95
94519,4.9896,3.398e+05,67607,48
94521,5.1429,4.021e+05,84819,130
94522,2.04,0,0,1
94523,5.3872,5.158e+05,81685,149
94526,5.8913,8.363e+05,1.288e+05,286
94528,10.684,1e+06,1.6233e+05,8
94531,5.0209,2.82e+05,88693,106
94533,5.1564,2.134e+05,56973,82
94534,5.6076,3.446e+05,91882,119
94536,4.6393,5.644e+05,92107,151
94539,5.2575,9.126e+05,1.4415e+05,214
94540,2.2373,0,0,3
94541,4.0201,3.321e+05,57895,28
94542,5.0096,5.354e+05,80327,63
94543,5.98,0,0,1
94544,6.6803,3.235e+05,59699,35
94545,8.3432,3.579e+05,71723,17
94546,4.4711,4.767e+05,75500,123
94547,4.9235,3.731e+05,1.002e+05,23
94548,7.8644,7.432e+05,85000,5
94549,6.339,9.766e+05,1.3734e+05,279
94552,5.7142,6.721e+05,1.3283e+05,101
94553,5.7261,3.758e+05,76669,181
94555,4.3174,5.87e+05,1.146e+05,26
94556,6.0188,9.054e+05,1.3309e+05,100
94560,4.6178,4.555e+05,86521,45
94562,94.112,0,0,5
94563,6.0736,9.875e+05,1.6615e+05,185
94567,7.7625,2.065e+05,58643,2
94571,4.0049,2.167e+05,61563,20
94572,5.8334,3.088e+05,68701,11
94573,13.512,0,61310,10
94574,9.8874,8.935e+05,81788,92
94576,17.63,0,40341,1
94577,5.9551,3.813e+05,64660,56
94578,8.9399,3.405e+05,49095,20
94579,3.8913,3.732e+05,75481,15
94580,11.507,3.525e+05,71177,15
94582,4.955,8.069e+05,1.3837e+05,140
94583,5.0791,6.59e+05,1.2195e+05,180
94586,7.9106,7.948e+05,85000,8
94587,5.1234,4.843e+05,82564,56
94590,4.2242,1.788e+05,40826,29
94592,2.88,3.304e+05,1.0766e+05,1
94595,5.3,3.913e+05,58659,55
94596,6.4436,7.223e+05,78856,108
94597,5.2168,5.695e+05,88012,56
94598,5.7127,7.464e+05,1.2134e+05,234
94602,4.8553,5.475e+05,68813,85
94610,4.2584,6.903e+05,73850,79
94611,4.3855,8.121e+05,1.0758e+05,208
94612,14.227,3.626e+05,30879,3
94618,3.6345,8.862e+05,1.2358e+05,135
94701,3.4928,0,0,10
94702,3.5902,5.519e+05,59628,58
94703,4.4957,6.175e+05,58613,67
94704,5.29,7.236e+05,30997,21
94705,4.2957,9.512e+05,96537,115
94706,3.8954,6.33e+05,81746,65
94707,3.435,8.741e+05,1.3633e+05,132
94708,3.9299,8.678e+05,1.4561e+05,108
94709,3.198,7.026e+05,59150,36
94710,10.94,5.607e+05,60952,28
94803,4.5623,3.407e+05,76232,59
94807,4.32,0,0,1
94901,6.1336,7.771e+05,76909,155
94903,4.6005,6.271e+05,86196,112
94904,6.4361,1e+06,1.0224e+05,76
94914,4.05,0,0,1
94920,5.9947,1e+06,1.3249e+05,119
94922,4.6775,0,28556,4
94923,6.3954,6.584e+05,77305,12
94924,7.571,8.774e+05,73621,23
94925,7.5717,9.128e+05,1.1328e+05,51
94926,3.8392,0,0,5
94928,6.0422,3.081e+05,57484,97
94929,4.541,4.714e+05,44417,3
94930,5.9989,7.055e+05,93049,44
94931,9.6228,4.015e+05,64625,35
94933,3.0063,5.491e+05,71667,4
94937,5.0271,9.167e+05,51921,14
94938,3.768,6.629e+05,96281,5
94939,5.3412,1e+06,93750,40
94940,5.23,1e+06,28958,2
94941,4.6433,1e+06,1.2121e+05,203
94942,2.75,0,0,1
94945,5.4645,6.271e+05,83638,92
94946,8.5838,1e+06,1.1328e+05,13
94950,3.585,7.604e+05,21333,2
94951,6.6337,7.813e+05,93389,43
94952,5.7084,5.639e+05,75221,199
94955,56.7,0,0,1
94956,5.3142,8.799e+05,38750,28
94957,9.765,1e+06,1.8786e+05,23
94960,5.1855,8.993e+05,1.083e+05,89
94963,4.388,8.977e+05,79485,3
94964,5.16,0,1.0633e+05,1
94970,5.8308,1e+06,1.0777e+05,22
94972,5.25,0,0,2
94973,5.0992,6.845e+05,88750,6
94978,2.45,0,0,1
95001,6.93,0,0,2
95003,5.106,6.536e+05,83902,122
95004,5.1316,4.093e+05,67188,32
95005,5.652,5.319e+05,69872,27
95006,6.9139,4.389e+05,75510,28
95007,8.8,5.52e+05,1.4982e+05,1
95010,3.894,4.887e+05,55833,27
95014,4.8765,1e+06,1.3096e+05,299
95015,5.06,0,0,1
95017,4.758,6.082e+05,67031,5
95018,4.9286,4.54e+05,72161,18
95024,3.655,0,0,1
95030,6.5746,1e+06,1.5411e+05,102
95032,5.633,1e+06,1.2089e+05,195
95033,7.4531,8.682e+05,1.264e+05,101
95035,4.4725,5.474e+05,98899,107
95041,8.393,4.521e+05,1.2021e+05,2
95043,5.64,3.63e+05,62500,1
95045,6.6413,4.181e+05,55250,15
95046,7.7811,6.934e+05,1.0820e+05,48
95050,4.59,6.109e+05,69341,2
95054,59.828,6.365e+05,1.1686e+05,2
95060,5.3187,6.709e+05,62365,301
95063,2.96,0,0,1
95064,3.4994,3.5e+05,60536,8
95065,6.1238,6.572e+05,86031,69
95066,5.7987,6.455e+05,1.0892e+05,86
95070,6.7461,1e+06,1.6739e+05,403
95075,4.3883,3.429e+05,60556,3
95101,5.445,0,0,44
95117,4.3168,6.395e+05,67718,58
95119,4.3131,5.329e+05,1.0332e+05,67
95120,5.5286,9.41e+05,1.5272e+05,480
95121,4.4989,4.627e+05,85514,64
95124,4.6416,6.909e+05,1.0666e+05,276
95125,7.4421,7.444e+05,1.0248e+05,283
95126,9.1165,5.872e+05,72877,46
95129,4.3894,9.083e+05,1.0749e+05,118
95130,4.6996,7.142e+05,98990,38
95131,4.5234,5.443e+05,1.0837e+05,37
95132,5.0898,5.828e+05,98026,147
95133,5.892,4.564e+05,72459,29
95135,5.2293,7.716e+05,1.2865e+05,134
95138,6.1012,7.193e+05,1.4550e+05,137
95139,4.7774,5.379e+05,98400,36
95140,7.476,1e+06,1.6675e+05,4
95141,4.895,0,0,2
95148,5.319,6.009e+05,1.0732e+05,107
95151,2.97,0,0,1
95201,8.835,0,0,3
95202,5.04,1.602e+05,15023,1
95203,4.6656,1.531e+05,37264,8
95204,6.6847,1.376e+05,43372,16
95205,3.7183,98500,33357,3
95207,20.533,1.63e+05,38563,37
95209,5.2967,1.938e+05,72218,68
95210,16.165,1.228e+05,38510,5
95212,7.2759,2.317e+05,59965,65
95215,8.3179,1.421e+05,40753,44
95219,5.3269,2.753e+05,75309,58
95220,9.9565,3.868e+05,60899,61
95221,2.964,0,0,1
95222,9.5977,2.681e+05,51927,43
95223,5.94,3.172e+05,62056,1
95224,8.82,2.2e+05,20179,1
95225,5.2616,1.654e+05,19922,14
95226,5.035,0,0,4
95227,11.546,5.533e+05,99167,21
95228,7.0097,2.24e+05,61250,20
95229,4.545,0,0,2
95230,6.965,3.205e+05,46250,4
95231,7.764,1.413e+05,36167,4
95232,5.1033,2.653e+05,58500,3
95236,8.4369,3.494e+05,76542,20
95237,7.5565,2.032e+05,46575,13
95240,8.5238,2.063e+05,40021,53
95242,8.7605,2.723e+05,64355,21
95245,10.638,2.325e+05,62424,7
95246,4.8158,2.299e+05,39110,15
95247,8.3368,2.753e+05,48287,42
95248,6.1476,2.732e+05,21429,5
95249,6.8277,2.168e+05,41458,11
95251,7.822,2.714e+05,78558,4
95252,6.6963,2.255e+05,62384,64
95254,7.2015,2.426e+05,72120,17
95255,6.4183,1.91e+05,36678,6
95258,5.7338,3.073e+05,72452,10
95303,7.855,2.694e+05,44792,4
95304,7.2535,3.679e+05,78640,108
95306,10.704,3.827e+05,39219,8
95310,6.27,2.324e+05,37500,5
95311,5.349,1.986e+05,42614,5
95312,8.1,1.045e+05,51806,1
95316,6.88,2.243e+05,67639,1
95317,10.37,2.321e+05,33036,3
95318,1.309,3.615e+05,1.0287e+05,1
95320,8.84,2.339e+05,55599,55
95321,7.2672,2.652e+05,45947,13
95322,8.3331,1.227e+05,40732,11
95325,2.82,0,0,1
95327,7.5031,1.771e+05,44902,16
95329,6.0866,2.143e+05,58191,19
95330,4.5976,1.976e+05,63248,28
95333,21.929,1.576e+05,42366,17
95336,5.3393,1.993e+05,56885,78
95337,10.297,2.519e+05,66711,82
95338,6.5184,2.373e+05,47692,39
95341,7.4951,1.088e+05,32233,15
95345,5.25,2.05e+05,41042,1
95346,8.28,3.006e+05,49708,1
95348,6.7789,1.571e+05,40903,25
95360,8.6818,1.403e+05,42213,17
95361,10.574,2.598e+05,57652,190
95363,15.12,1.677e+05,53466,1
95366,7.5599,3.212e+05,75300,49
95367,5.7976,1.761e+05,59056,15
95369,17.204,2.552e+05,48510,3
95370,7.0014,2.702e+05,48912,84
95372,4.8593,2.277e+05,79457,6
95374,12.638,2.995e+05,44000,5
95376,5.9797,2.31e+05,62262,114
95377,5.6671,3.102e+05,96860,122
95379,5.2927,2.478e+05,54792,17
95383,6.9497,3.049e+05,42299,7
95387,16.203,3.75e+05,28472,4
95389,2.52,2.775e+05,45588,1
95403,5.708,3.528e+05,63029,175
95404,7.2364,4.927e+05,67001,316
95405,4.7918,4.251e+05,72156,120
95409,5.9445,4.323e+05,65425,224
95410,4.1566,3.847e+05,37703,7
95412,8.81,4.773e+05,51875,3
95415,9.5176,3.49e+05,34643,11
95417,3.85,2.629e+05,71301,1
95418,6.923,0,0,5
95419,4.58,0,0,2
95420,6.268,5.472e+05,51618,5
95421,10.158,4.378e+05,58289,4
95425,6.2069,3.467e+05,57400,71
95426,4.9875,1.983e+05,66750,2
95428,8.4267,2.188e+05,32782,3
95429,9.156,3.5e+05,73125,1
95436,5.3705,3.644e+05,53368,33
95437,4.1313,3.313e+05,38276,45
95441,8.6936,6.732e+05,59545,28
95442,6.1833,6.146e+05,64712,78
95444,3.715,3.849e+05,72607,4
95445,5.9699,4.419e+05,36201,20
95446,5.1346,3.492e+05,43564,16
95448,9.0972,5.956e+05,62076,106
95450,4.4429,4.429e+05,51389,7
95456,6.9615,3.212e+05,38750,2
95458,5.019,87400,20980,8
95459,4.73,3.948e+05,43594,3
95460,5.4373,6.195e+05,49470,18
95462,4.2623,3.168e+05,37083,7
95463,5.4875,0,0,2
95464,4.158,1.618e+05,26667,4
95465,5.9681,6.002e+05,68636,22
95466,11.073,5.119e+05,50500,22
95467,4.1679,1.897e+05,65706,12
95469,4.4947,4.6e+05,49545,9
95470,4.4997,3.291e+05,58810,20
95473,12.04,0,0,1
95476,6.3169,4.856e+05,60100,323
95480,6,0,0,2
95488,6.112,5.107e+05,56683,2
95490,5.7664,2.234e+05,37692,27
95492,5.2304,3.94e+05,81093,156
95493,6.84,3.786e+05,88333,1
95494,6.684,8.214e+05,46319,3
95497,4.8639,6.94e+05,59375,35
95518,3.36,0,0,2
95521,4.7361,3.295e+05,32711,24
95525,3.26,3.057e+05,48142,3
95526,4.88,2.1e+05,21979,2
95527,3.15,2.75e+05,34911,1
95536,5.2533,3.513e+05,50227,6
95542,6.06,3.647e+05,35634,3
95546,1.4,1.158e+05,26281,1
95549,5.739,4.617e+05,56607,3
95553,1.89,3.875e+05,41393,2
95558,1.52,3.738e+05,36000,1
95560,3.27,2.922e+05,29913,3
95562,2.912,2.13e+05,40181,1
95563,5.26,2.955e+05,40500,2
95565,5.4,2.25e+05,54034,1
95570,5.0731,3.663e+05,50500,13
95573,10.944,2.372e+05,35607,3
95589,13.58,3.051e+05,43295,2
95601,2.826,1.438e+05,43036,2
95602,7.1888,3.674e+05,63721,182
95603,6.0586,3.278e+05,56049,219
95605,3.8718,1.598e+05,38255,18
95606,5.349,0,0,4
95607,6.2696,3.372e+05,69702,9
95612,8.375,4.744e+05,53194,6
95614,5.3431,2.968e+05,90903,31
95618,4.7655,5.588e+05,81471,231
95619,4.731,1.995e+05,60660,9
95620,5.4765,2.72e+05,66291,100
95623,5.3251,2.838e+05,55878,30
95626,6.9889,1.939e+05,60579,7
95627,8.6552,2.055e+05,57664,21
95629,6.1353,1.719e+05,42545,11
95631,6.2609,2.697e+05,63901,18
95632,10.463,2.16e+05,61255,4
95633,5.2911,2.778e+05,70938,14
95634,4.875,2.525e+05,59844,10
95635,4.12,2.896e+05,46827,2
95636,5.175,1.868e+05,56250,2
95637,23.985,3.909e+05,75750,2
95640,6.1078,2.193e+05,56696,30
95641,9.3175,1.625e+05,38750,4
95642,7.1083,2.829e+05,43981,18
95645,6.21,1.719e+05,42576,1
95648,5.8472,3.337e+05,70820,571
95650,9.5563,4.076e+05,84133,195
95651,4.67,4.221e+05,65114,5
95653,8.4421,1.987e+05,55000,7
95656,4.4528,0,0,5
95658,7.235,3.975e+05,63604,93
95659,7.0306,2.9e+05,54444,8
95661,6,3.332e+05,72459,4
95662,8.52,2.629e+05,65122,1
95663,7.0936,4.168e+05,1.2438e+05,62
95664,6.4602,3.723e+05,79327,20
95665,8.1009,2.397e+05,48940,18
95666,8.1518,2.224e+05,53281,10
95667,6.1081,3.131e+05,55710,189
95668,9.1022,2.392e+05,65938,13
95669,8.6851,2.98e+05,64479,36
95672,6.4809,3.994e+05,92464,60
95674,9.0693,3.618e+05,74583,12
95675,5.2368,34400,48285,4
95676,11.22,0,0,1
95678,11.856,2.692e+05,62969,1
95679,5.01,0,14073,1
95681,5.3067,2.719e+05,44464,3
95682,6.458,3.743e+05,77416,282
95684,6.1015,2.459e+05,52292,17
95685,7.1598,3.522e+05,60648,33
95686,595.62,1.443e+05,31438,1
95687,6.9867,2.569e+05,73684,190
95689,5.962,3.282e+05,56875,5
95690,9.1192,3.593e+05,56101,6
95691,5.1424,2.6e+05,65769,128
95692,7.7257,1.74e+05,62043,30
95695,6.2976,2.72e+05,52274,175
95696,9.45,0,0,1
95697,6.2133,1.574e+05,75714,3
95698,6.732,3.6e+05,45769,4
95699,4.95,4.056e+05,77188,2
95703,5.9212,3.182e+05,69750,13
95709,5.2068,2.969e+05,70417,17
95713,7.0689,2.826e+05,60720,52
95714,3.985,2.875e+05,54327,2
95717,5.74,2.895e+05,39167,1
95722,6.5332,3.616e+05,76389,35
95726,3.6986,2.274e+05,55996,7
95746,7.5728,5.998e+05,1.1892e+05,273
95747,8.5434,3.435e+05,92678,31
95762,6.2073,4.772e+05,1.177e+05,514
95765,5.5863,3.569e+05,87100,335
95833,5.7,1.714e+05,55827,1
95901,6.2586,1.627e+05,42319,78
95912,7.8531,2.524e+05,50764,15
95913,6.48,0,0,1
95914,6.4119,1.76e+05,25200,9
95915,5.0775,0,10481,4
95916,3.852,1.672e+05,38636,5
95917,6.9075,1.502e+05,44500,10
95918,6.552,3.443e+05,77583,31
95919,5.0083,1.617e+05,45871,3
95920,12.63,3.609e+05,71063,3
95932,6.749,1.685e+05,46453,23
95934,4.05,2.11e+05,31892,2
95935,4.745,2.141e+05,37461,2
95937,5.5233,80000,56394,9
95938,8.0921,3.73e+05,60750,31
95939,14.72,1.464e+05,29063,1
95942,7.9136,3.029e+05,41888,7
95943,6.981,3.405e+05,51908,24
95946,6.5129,3.272e+05,62180,114
95947,4.8937,1.653e+05,34500,4
95948,8.5977,1.72e+05,44423,17
95949,5.6356,3.23e+05,60459,166
95950,8,1.114e+05,42273,1
95953,6.9344,1.591e+05,46392,25
95954,5.0175,1.536e+05,40545,4
95955,9.0594,1.523e+05,47031,9
95956,2.7,2e+05,56923,1
95957,7.565,1.971e+05,58438,3
95958,7.48,0,0,3
95960,4.12,1.68e+05,29250,3
95962,5.5081,2.743e+05,59832,17
95967,5.5917,0,0,3
95968,5.595,90000,33100,2
95969,6.3863,2.048e+05,41982,44
95970,8.0228,2.011e+05,57639,4
95971,4.4239,2.283e+05,51869,14
95974,8.8171,0,0,11
95975,5.0325,2.908e+05,57969,20
95977,6.3727,2.4e+05,48500,19
95982,7.3974,1.89e+05,63816,19
95983,4.2,1.449e+05,26250,2
95984,4.44,0,0,2
95987,9.0688,1.648e+05,55355,12
96001,8.7169,2.476e+05,46422,62
96002,8.1165,2.102e+05,43657,30
96008,6.2196,2.155e+05,53419,7
96009,7.92,2.052e+05,56563,1
96013,4.35,1.352e+05,38089,2
96016,6.9,2.254e+05,49732,1
96019,6.4,1.6e+05,40455,1
96022,6.7601,2.262e+05,52154,57
96028,4.881,2.266e+05,40781,7
96029,2.45,2.821e+05,54688,1
96035,10.874,1.585e+05,44028,16
96040,10.605,3.714e+05,36429,2
96047,5.87,2.054e+05,25662,3
96051,4.8983,2.354e+05,45268,6
96055,6.7894,1.581e+05,40747,10
96056,6.9633,1.93e+05,44348,6
96059,6.436,2.007e+05,36447,5
96062,6.1857,2.929e+05,61488,18
96063,17.573,1.525e+05,52500,2
96065,6.48,3.714e+05,36875,1
96069,7.1351,2.091e+05,36310,7
96073,8.7435,3.471e+05,81328,51
96074,2,1.125e+05,31250,1
96076,2.04,2.958e+05,41042,1
96078,2.73,0,0,1
96084,29.808,1.781e+05,42619,1
96087,4.965,2.083e+05,27727,4
96088,5.5466,2.105e+05,47440,24
96092,15.4,2.039e+05,39013,2
96096,6.0962,2.633e+05,58889,8
96137,6.06,2.452e+05,48950,4
96608,2.255,0,0,1
90008,6.9,4.438e+05,36180,1
90038,4.69,5.489e+05,33850,2
90040,11.7,3.23e+05,44531,5
90043,4.4914,3.588e+05,38738,17
90046,3.0677,8.601e+05,56337,3
90047,4.19,2.957e+05,40528,6
90048,5.7583,9.808e+05,72913,6
90056,6.7717,7.495e+05,76688,36
90066,4.0885,7.415e+05,68346,10
90069,6.49,6.948e+05,78607,3
90209,21,0,0,1
90210,9.8872,1e+06,1.3875e+05,49
90211,8.4792,1e+06,69942,12
90212,4.463,1e+06,84516,20
90213,10.5,0,0,1
90230,8.7812,5.571e+05,73786,65
90232,8.5799,7.286e+05,71316,61
90233,4.56,0,0,1
90240,5.7258,4.417e+05,71939,53
90241,15.763,4.32e+05,56059,36
90245,4.6131,7.62e+05,84004,49
90247,5.3348,3.313e+05,42968,20
90248,5.3092,3.539e+05,51956,4
90249,11.286,3.599e+05,50996,12
90254,5.4979,1e+06,1.0503e+05,64
90255,6.2211,2.877e+05,35985,7
90260,3.8244,3.887e+05,51769,9
90263,9.786,0,0,5
90264,8.36,0,0,1
90265,8.0212,1e+06,1.2481e+05,132
90266,5.6623,1e+06,1.4207e+05,204
90270,33.84,2.841e+05,36450,1
90274,7.4514,1e+06,1.5625e+05,126
90275,6.6076,9.529e+05,1.2074e+05,229
90277,4.3473,8.388e+05,99398,69
90278,4.5062,6.827e+05,1.0493e+05,52
90290,7.0406,9.265e+05,1.0675e+05,70
90303,10.85,3.319e+05,40807,11
90304,3.0325,3.121e+05,36778,4
90305,6.224,3.553e+05,62558,10
90401,13.183,6.804e+05,60802,8
90402,6.277,1e+06,1.3161e+05,80
90403,4.0878,9.475e+05,72366,42
90404,4.872,6.648e+05,65035,31
90405,4.6136,1e+06,78756,81
90406,4.05,0,0,1
90501,5.8329,5.234e+05,59878,42
90502,5.774,3.497e+05,62533,10
90503,5.2147,6.358e+05,77047,42
90504,3.7776,5.254e+05,75180,39
90601,9.4026,4.186e+05,70841,56
90602,5.7246,4.163e+05,47622,16
90603,5.3039,4.347e+05,87251,55
90605,5.2353,3.638e+05,66706,44
90606,5.4306,3.344e+05,63833,8
90620,7.3214,4.023e+05,80278,89
90621,5.8823,3.972e+05,56219,37
90623,4.5059,5.812e+05,83767,69
90631,9.0972,4.204e+05,66553,146
90637,2.09,0,0,1
90638,4.2299,4.105e+05,79858,91
90640,16.216,3.844e+05,47436,20
90650,4.4683,3.209e+05,60523,45
90660,5.2737,3.284e+05,56607,15
90670,3.924,3.49e+05,51935,5
90701,6.1803,4.01e+05,60544,12
90703,4.5056,5.954e+05,90613,123
90704,3,7.247e+05,55882,8
90706,5.6545,3.417e+05,49360,35
90710,4.8058,3.921e+05,54630,12
90712,12.121,4.13e+05,78175,51
90713,3.745,4.375e+05,87095,59
90715,3.8297,3.544e+05,64701,18
90716,1.5833,2.468e+05,39055,3
90717,4.7464,4.605e+05,56245,38
90720,5.0419,7.575e+05,95631,150
90731,4.73,4.455e+05,49786,1
90740,7.5005,2.965e+05,53677,83
90742,6.21,1e+06,88971,1
90743,3.2133,1e+06,1.0646e+05,3
90745,5.5738,3.283e+05,71757,22
90746,3.3772,3.651e+05,75031,17
90755,7.1954,3.752e+05,67878,13
90801,2.66,0,0,1
90802,13.39,2.808e+05,44984,11
90803,4.9682,6.934e+05,72025,84
90804,3.4351,3.695e+05,44629,19
90814,4.1854,5.971e+05,55111,37
91001,5.0582,5.621e+05,85655,143
91006,7.3499,7.612e+05,84021,166
91007,7.0602,7.707e+05,72255,83
91008,10.667,9.722e+05,98315,8
91011,6.3729,1e+06,1.5221e+05,174
91020,3.9367,5.371e+05,67652,6
91024,5.3938,8.046e+05,90780,59
91030,5.7461,8.322e+05,80479,82
91101,3.2633,4.378e+05,58365,3
91104,3.7522,5.975e+05,70811,14
91107,5.626,6.519e+05,84761,46
91108,6.5089,1e+06,1.2015e+05,63
91109,36.96,0,0,1
91214,5.6138,5.968e+05,89849,77
91301,6.9878,6.792e+05,1.0991e+05,198
91302,8.3577,9.882e+05,1.2172e+05,142
91304,7.815,4.429e+05,58361,2
91307,7.694,5.134e+05,98655,33
91310,6.0928,0,0,10
91311,8.9458,4.488e+05,80279,20
91319,13.345,0,0,6
91320,5.705,5.865e+05,1.0636e+05,251
91321,7.5,3.434e+05,57654,125
91326,5.04,6.126e+05,98831,1
91340,5.6089,2.99e+05,55217,16
91342,6.613,3.282e+05,60899,5
91350,5.6535,3.838e+05,97921,294
91351,5.2861,3.174e+05,70858,116
91354,5.5133,4.556e+05,1.111e+05,190
91355,6.2691,4.26e+05,89596,122
91361,7.0917,7.694e+05,1.0331e+05,120
91362,8.8411,6.444e+05,1.0075e+05,226
91364,7.217,6.517e+05,93919,10
91377,6.1742,6.491e+05,1.1733e+05,74
91381,6.3611,5.747e+05,1.1461e+05,211
91384,5.9192,3.947e+05,1.0227e+05,234
91387,6.3016,3.704e+05,82076,283
91390,6.5343,4.634e+05,1.0566e+05,310
91702,5.085,3.082e+05,54769,8
91706,15.263,2.937e+05,51234,17
91708,4.8908,3.838e+05,1.1875e+05,11
91709,5.3959,4.897e+05,97609,283
91711,5.8729,5.373e+05,89508,242
91714,2.25,0,0,1
91722,19.4,3.399e+05,63740,40
91723,5.4032,3.682e+05,60532,20
91724,5.0713,4.23e+05,75420,97
91729,8.28,0,0,1
91731,10.778,3.515e+05,36955,14
91733,8.3572,3.389e+05,40930,15
91737,6.775,4.393e+05,98407,173
91740,9.0075,3.736e+05,67048,68
91741,5.572,5.692e+05,81250,122
91746,5.0125,3.079e+05,59502,10
91748,8.0555,4.78e+05,60896,84
91750,8.1976,4.497e+05,76912,168
91754,4.5185,4.98e+05,56767,30
91759,1.41,3.22e+05,46250,1
91761,21.848,2.742e+05,61270,68
91763,4.393,2.55e+05,49056,24
91765,5.869,5.39e+05,90966,130
91767,5.4812,2.623e+05,49206,32
91768,4.793,2.626e+05,47177,33
91769,7.488,0,0,1
91773,5.9528,4.327e+05,78501,104
91775,4.4317,6.444e+05,84620,46
91776,4.209,5.109e+05,48302,27
91780,4.5592,5.866e+05,63045,46
91784,8.63,4.861e+05,95975,175
91788,2.88,0,0,1
91789,5.0325,6.084e+05,93509,165
91790,4.7125,3.693e+05,66057,43
91791,5.1119,4.463e+05,70841,73
91792,5.7483,3.625e+05,66848,15
91801,5.7447,4.716e+05,51225,42
91803,18.96,5.008e+05,56632,15
92210,9.6912,6.134e+05,83269,85
92220,6.7288,1.638e+05,39917,25
92241,5.8925,57200,34896,8
92252,5.3041,1.183e+05,39409,57
92256,7.2403,1.135e+05,32045,13
92263,1.53,0,0,1
92264,8.5139,2.42e+05,43703,196
92266,6.5017,0,31296,6
92268,3.31,2.175e+05,41964,4
92270,10.137,5.089e+05,71688,346
92277,6.301,1.195e+05,37316,88
92284,6.0159,1.3e+05,42517,109
92285,5.9675,65400,29362,4
92301,10.519,94600,34537,19
92308,6.8157,1.601e+05,43345,217
92310,13.667,0,49928,3
92312,13.92,0,0,1
92313,5.5687,2.365e+05,64140,39
92314,3,2.236e+05,46518,1
92316,6.6302,1.761e+05,48788,27
92317,5.6,0,0,1
92318,12.74,0,0,1
92320,5.8446,1.6e+05,42212,20
92324,6.2923,1.628e+05,41278,20
92327,2.76,52600,35603,1
92328,13.6,26300,34750,1
92331,6.48,0,0,2
92332,5.52,0,0,1
92335,13.351,1.846e+05,43092,31
92336,5.2286,2.928e+05,87425,266
92337,21.3,2.355e+05,69966,52
92338,4.41,0,0,1
92340,4.54,0,0,3
92341,3.9525,1.921e+05,14848,2
92342,4.7592,1.914e+05,66775,45
92344,6.4184,2.143e+05,69171,58
92347,3.12,1.125e+05,69702,1
92350,7.48,0,0,1
92352,4.9995,3.195e+05,72479,10
92356,6.1796,1.018e+05,33582,12
92358,7.05,1.721e+05,71000,1
92359,5.843,2.159e+05,53807,24
92363,4.56,1.032e+05,32710,1
92364,20.475,0,1.025e+05,1
92365,4.9381,1.664e+05,55169,12
92368,4.1,84700,33125,1
92371,5.7493,1.344e+05,50744,56
92372,5.0906,1.493e+05,43036,18
92376,5.6008,1.646e+05,44965,49
92377,5.411,2.482e+05,80130,45
92382,4.1325,2.108e+05,66875,4
92389,8.502,68800,12000,1
92391,15.6,2.142e+05,37150,1
92392,8.969,1.427e+05,56277,119
92394,4.7293,1.371e+05,51500,37
92395,8.9152,1.368e+05,38709,53
92397,5.3138,2.575e+05,54000,4
92398,6.8588,1.091e+05,63750,4
92401,3.8402,73800,16649,6
92405,6.5083,1.333e+05,37591,23
92408,13.176,1.692e+05,33750,17
92503,5.8259,2.31e+05,55051,104
92506,5.5838,3.214e+05,78116,16
92507,6.0413,2.305e+05,41051,14
92518,1000.4,2.194e+05,68261,1
92546,2.376,0,0,1
92549,6.5822,2.548e+05,60625,9
92553,10.891,1.574e+05,42984,40
92561,4.1625,2.922e+05,78630,2
92581,7.549,0,0,5
92589,4.7571,0,0,7
92590,11.305,7.589e+05,49423,47
92602,5.3372,7.031e+05,1.0415e+05,37
92603,6.1236,1e+06,1.2069e+05,55
92604,5.0111,5.965e+05,91180,50
92605,3.8153,0,0,10
92609,6.192,0,0,2
92610,4.2885,6.018e+05,1.2098e+05,45
92612,4.9513,5.848e+05,67039,19
92614,7.5839,6.106e+05,95984,23
92617,3.4986,3.973e+05,41536,21
92618,32.053,5.521e+05,97470,21
92620,5.2686,7.338e+05,1.0216e+05,98
92625,7.3041,1e+06,1.2574e+05,51
92626,4.8488,6.064e+05,80132,129
92630,5.124,4.875e+05,84785,205
92646,4.3586,5.941e+05,87110,227
92647,4.4109,6.039e+05,74637,141
92649,4.7209,6.341e+05,86469,111
92655,4.6364,3.789e+05,45568,7
92656,6.2406,4.677e+05,1.0129e+05,76
92657,6.3842,1e+06,1.6349e+05,22
92660,8.9866,1e+06,1.1201e+05,81
92661,9.5988,1e+06,93099,6
92662,5.9,1e+06,82857,4
92663,6.9505,1e+06,86967,24
92676,6.1306,4.331e+05,84750,10
92678,8.6933,5.489e+05,84250,3
92683,9.7564,4.552e+05,53559,150
92705,6.8357,7.239e+05,82675,284
92706,4.8162,4.391e+05,58500,37
92708,4.4145,6.048e+05,82005,173
92780,5.458,4.621e+05,64089,92
92782,6.0028,6.52e+05,1.0276e+05,41
92801,1.8,3.437e+05,47672,1
92804,5.0083,3.67e+05,52408,11
92807,3.9775,5.618e+05,94697,2
92823,5.4678,6.629e+05,1.2471e+05,9
92831,5.816,4.813e+05,57333,72
92833,4.718,4.671e+05,67019,68
92835,5.2084,6.405e+05,92397,129
92840,4.4178,3.784e+05,61934,71
92841,4.5399,3.967e+05,53059,36
92843,5.4022,3.74e+05,52536,18
92844,5.4725,3.837e+05,48345,18
92845,4.3114,4.812e+05,89026,48
92856,4.5434,0,0,11
92860,6.1464,3.95e+05,85361,185
92861,7.2794,9.342e+05,1.5086e+05,108
92862,4.16,0,0,1
92865,5.0425,4.553e+05,85251,61
92866,4.86,5.535e+05,62589,22
92867,5.2599,5.876e+05,78072,173
92868,4.3538,3.504e+05,63610,24
92869,5.914,5.585e+05,88160,199
92877,5.7858,0,0,6
92885,7.0639,0,0,7
92886,6.0134,6.728e+05,1.1005e+05,299
92887,6.561,6.962e+05,1.2698e+05,133
93003,4.1735,4.319e+05,69616,115
93006,6.075,0,0,1
93010,5.5188,4.744e+05,86505,203
93012,6.2979,4.823e+05,93523,161
93013,6.6223,6.032e+05,68884,48
93020,3.25,0,0,2
93022,5.5313,3.934e+05,73433,28
93035,3.756,3.955e+05,83038,26
93041,4.5926,2.868e+05,52371,8
93043,32,0,0,1
93062,3.72,0,0,2
93063,5.4768,4.289e+05,83974,271
93065,7.8497,4.505e+05,94173,371
93066,6.7354,8.626e+05,75380,23
93101,13.281,7.101e+05,54945,43
93103,6.4966,8.126e+05,67383,51
93105,5.2005,8.823e+05,81308,126
93106,44.147,0,0,3
93108,5.7708,1e+06,1.2527e+05,146
93109,4.2539,9.116e+05,99638,55
93111,4.7328,7.403e+05,94933,83
93117,10.117,6.31e+05,55801,112
93205,4.3706,1.185e+05,20349,7
93207,16.56,1.417e+05,34750,1
93215,6.5316,1.455e+05,36321,28
93218,17.64,96700,24118,1
93222,5.17,1.622e+05,45551,3
93225,4.4668,2.098e+05,44111,13
93226,8.835,2.292e+05,58854,4
93235,11.28,1.09e+05,32783,1
93238,6.257,2.3e+05,58012,5
93240,5.1687,1.23e+05,26054,20
93244,6.5833,2.289e+05,36406,11
93255,6.205,87800,29030,4
93256,7.894,1.189e+05,27361,5
93265,7.6034,2.794e+05,60587,39
93271,5.6601,2.763e+05,43913,27
93283,4.7575,89500,29848,10
93285,7.207,1.681e+05,31144,10
93501,5.4071,67000,32897,7
93504,7.5,0,0,1
93505,4.4884,90600,57731,48
93510,6.8606,4.165e+05,89403,97
93513,7.59,2.122e+05,47833,1
93514,7.1649,2.771e+05,51250,72
93516,5.0225,59300,30708,4
93517,6.2217,1.636e+05,60139,3
93518,3.6447,1.712e+05,28005,7
93523,3.6267,49000,53456,3
93527,6.2976,1.586e+05,52123,24
93531,5.3468,2.281e+05,66983,4
93532,6.7328,1.967e+05,54769,5
93534,5.4749,1.28e+05,35600,61
93535,6.6796,1.203e+05,42835,158
93536,5.6272,2.151e+05,70724,437
93541,3.2957,3.114e+05,53750,3
93543,6.3006,1.52e+05,57588,29
93544,3.7675,1.643e+05,52000,4
93546,5.5253,4.718e+05,65156,19
93551,6.7608,2.472e+05,85200,315
93553,5.1675,1.744e+05,48063,10
93560,5.0012,1.255e+05,56875,110
93561,5.0518,2.114e+05,60513,82
93562,6.357,39900,30478,4
93591,5.3271,88900,39880,7
96158,22.68,0,0,1
98665,12.096,2.137e+05,50305,1
